O/IND27/2012,A
BAN/TA/Dh-301/2016,A
BAN/TA/Dh-299/2016,A
BAN/MG/Sa-294/2016,A
BAN/MG/Sa-287/2016,A
BAN/KU/Fu-283/2016,A
BAN/LA/Ad-278/2016,A
BAN/MA/Ku-269/2015,A
BAN/TG/Ba-268/2015,A
BAN/TG/Ba-265/2015,A
BAN/PG/At-264/2015,A
BAN/PG/At-262/2015,A
BAN/DI/Sa-254/2015,A
BAN/DI/Sa-252/2015,A
BAN/NO/Be-251/2015,A
BAN/NO/Be-250/2015,A
BAN/LK/Sa-249/2015,A
BAN/LK/Sa-248/2015,A
BAN/NL/Lo-245/2015,A
BAN/SI/Sh-234/2015,A
BAN/PA/Ch-228/2015,A
BAN/DH/Dh-216/2015,A
BAN/GA/Ka-215/2015,A
BAN/GA/Ka-213/2014,A
BAN/GA/Ka-212/2014,A
BAN/TA/Ma-200/2014,A
BAN/GA/Kk-192/2013,A
BAN/GA/Kk-191/2013,A
BAN/BO/Na-162/2013,A
BAN/BO/Na-161/2013,A
BAN/GO/Ka-236(pig)/2015,B
BAN/RA/Sa-189/2013,B
BAN/TA/Dh-186/2013,B
BAN/TA/Dh-185/2013,B
BAN/TA/Dh-184/2013,B
BAN/JA/Me-180/2013,B
BAN/NA/Ra-156/2013,B
BAN/LA/Sa-137/2013,B
BAN/LA/Du-135/2013,B
BAN/PA/Kg-20/2012,B
BAN/PA/Kg-16/2012,B
BAN/PA/Sa-12/2012,B
BAN/PA/Ra-05/2012,B
BAN/FA/Do-12/2012,B
BAN/FA/Do-11/2012,B
BAN/FA/Ka-01/2012,B
BAN/FA/Kh-05/2012,B
SRL/1/2009,B
BD_BAU_ML2_2013,B
BD_BAU_ML1_2013,B
BD_SI_5_2013,B
BD_Gh_2_2013,B
BD_SI_6_2013,B
Nari/UVAS-Pak/2005,B
MYA/3/2010,B
MYA/13/2009,B
O/MYA/4/2002,B
O/MYA/5/2002,B
O/MYA/9/2009,B
NEP/5/2008,B
O/MYA/03/2008,B
O/MYA/5/99,B
O/MYA/13/89,C
MYA/3/2009,C
MYA/1/2006,C
O/PAK/50/2007,C
PAK/71/2007,C
PAK/16/2005,C
PAK/68/2003,C
PAK/7/2003,C
O/IND222/2013,C
O/IND189/2013,C
IND142(310)/2013,C
O/IND205/2013,C
NEP/15/2013,C
NEP/18/2013,C
NEP/10/2012,C
NEP/12/2013,C
NEP/17/2013,C
BHU/1/2013,C
BHU/3/2009,C
BHU/25/2009,C
BHU/19/2009,C
BHU/2/2009,C
O/IND179/2013,C
IND341(707)/2013,C
IND142(311)/2013,C
O/IND102/2010,C
O/IND132/2010,C
O/IND22/2011,C
O/IND149/2010,C
O/IND27/2012(2),C
O/IND229/2010,C
